{"cameraMode":{"drawMode":0,"name":"Shaded","section":"Shading Mode"},"sceneLighting":false,"audioPlay":false,"sceneViewState":{"m_AlwaysRefresh":false,"showFog":true,"showSkybox":false,"showFlares":true,"showImageEffects":true,"showParticleSystems":true,"showVisualEffectGraphs":true,"m_FxEnabled":true},"in2DMode":false,"pivot":{"x":-19.207046508789064,"y":1.8499999046325684,"z":-29.46464729309082},"rotation":{"x":0.023216424509882928,"y":0.9655301570892334,"z":-0.24032559990882874,"w":0.0988984927535057},"size":0.8660253882408142,"orthographic":false}