{"cameraMode":{"drawMode":0,"name":"Shaded","section":"Shading Mode"},"sceneLighting":true,"audioPlay":false,"sceneViewState":{"m_AlwaysRefresh":false,"showFog":true,"showSkybox":true,"showFlares":true,"showImageEffects":true,"showParticleSystems":true,"showVisualEffectGraphs":true,"m_FxEnabled":true},"in2DMode":false,"pivot":{"x":-23.028823852539064,"y":11.802820205688477,"z":-31.762359619140626},"rotation":{"x":0.14369475841522218,"y":0.8559131026268005,"z":-0.3617832660675049,"w":0.3406490385532379},"size":12.129125595092774,"orthographic":false}