{"cameraMode":{"drawMode":0,"name":"Shaded","section":"Shading Mode"},"sceneLighting":true,"audioPlay":false,"sceneViewState":{"m_AlwaysRefresh":false,"showFog":true,"showSkybox":true,"showFlares":true,"showImageEffects":true,"showParticleSystems":true,"showVisualEffectGraphs":true,"m_FxEnabled":true},"in2DMode":false,"pivot":{"x":-27.153528213500978,"y":1.411285400390625,"z":-33.864593505859378},"rotation":{"x":-0.4276009202003479,"y":0.01277588214725256,"z":-0.005410113371908665,"w":-0.9040123224258423},"size":12.127243041992188,"orthographic":false}